Workbook
Name _ITEM1: Comments!#REF!
Name _ITEM1: 'Specific Test Cases'!#REF!
Name _ITEM2: Comments!#REF!
Name _ITEM2: 'Specific Test Cases'!#REF!
Name _ITEM3: Comments!#REF!
Name _ITEM3: 'Specific Test Cases'!#REF!
Name _ITEM4: Comments!#REF!
Name _ITEM4: 'Specific Test Cases'!#REF!
Name _ITEM5: Comments!#REF!
Name _ITEM5: 'Specific Test Cases'!#REF!
Name _ITEM6: Comments!#REF!
Name _ITEM6: 'Specific Test Cases'!#REF!
Name Type: '[1]Maintenance Work Order'!#REF!

Sheet Report
D1: PARAMETER SHEET - REPORT
B2: MANUFACTURER NAME
B4: MODEL
B6: DEVICE TYPE
B8: USE CASE
B9: LPC 1.0.0
B10: ACTOR
B12: NAME OF TESTER(S)
B15: Overall Status
B16: Number of ATCs | E16: {=SUMPRODUCT(--ISNUMBER(SEARCH("ATC_",'Specific Test Cases'!B42:B191)))} -> 51
C17: Number of ATCs for the EG | E17: {=SUMPRODUCT(ISNUMBER(SEARCH("ATC_", 'Specific Test Cases'!B42:B191)) * ISNUMBER(SEARCH("EG", 'Specific Test Cases'!B42:B191)))} -> 8
C18: Number of ATCs for the CS | E18: {=SUMPRODUCT(ISNUMBER(SEARCH("ATC_", 'Specific Test Cases'!B42:B191)) * ISNUMBER(SEARCH("CS", 'Specific Test Cases'!B42:B191)))} -> 43
B19: Number of STCs | E19: {=SUMPRODUCT(--ISNUMBER(VALUE('Specific Test Cases'!B42:B191)))} -> 99
C20: Number of STCs for the EG | E20: {=SUMPRODUCT(--ISNUMBER(VALUE('Specific Test Cases'!B42:B64)))} -> 15
C21: Number of STCs for the CS | E21: {=SUMPRODUCT(--ISNUMBER(VALUE('Specific Test Cases'!B64:B191)))} -> 85
B22: Test cycle duration | E22: =TEXT(MAX('Specific Test Cases'!C42:C191)-MIN('Specific Test Cases'!C42:C191),"0") & " Tage" -> 0 Tage
B24: Execution Status
B25: Number of STCs executed | E25: {=SUMPRODUCT((('Specific Test Cases'!S42:S191="Passed")+('Specific Test Cases'!S42:S191="Failed"))*1)} -> 0
C26: Number of passed STCs | E26: =COUNTIF('Specific Test Cases'!S42:S191,"Passed") -> 0
B27: Passed percentace | E27: =IF(OR(E26=0,E25=0),0,E26/E25) -> 0
C28: Number of failed STCs | E28: =COUNTIF('Specific Test Cases'!S42:S191,"Failed") -> 0
B29: Failed percentage | E29: =IF(OR(E28=0,E25=0),0,E28/E25) -> 0
C30: Number of not applicable STCs | E30: =COUNTIF('Specific Test Cases'!S42:S191,"Not applicable") -> 0
B31: Not applicable percentace | E31: =IF(OR(E30=0,E19=0),0,E30/E19) -> 0
B33: Approval
B34: Approved by
B35: Date
B36: Signature

Sheet Specific Test Cases
D1: PARAMETER SHEET - SPECIFIC TEST CASES
B2: TECHNOLOGY | D2: e.g. SPINE
B3: CS type CEM?
B5: STARTUP DURATION [seconds]
B6: StartUpDur_EG
B7: StartUpDur_CS
B9: ACTIVE POWER CONSUMPTION LIMIT [Watt] | F9: CONSTRAINTS
B10: APCLmin | D10: 0 | F10: 0 ≤ APCL_min < APCL_max
B11: APCLmax | D11: 0.1 | F11: 0 ≤ APCL_min < APCL_max
C12: delta | D12: =0.05*(D11-D10) -> 0.005
B13: APCL_01 | D13: =IF((D10-D12)>0,D10-D12,0) -> 0 | F13: 0 ≤ APCL_01 < APCL_02 < APCL_03 < APCL_04 < APCL_05
B14: APCL_02 | D14: =D10+D12 -> 0.005 | F14: 0 ≤ APCL_01 < APCL_02 < APCL_03 < APCL_04 < APCL_05
B15: APCL_03 | F15: 0 ≤ APCL_01 < APCL_02 < APCL_03 < APCL_04 < APCL_05
B16: APCL_04 | D16: =D11-D12 -> 0.095 | F16: 0 ≤ APCL_01 < APCL_02 < APCL_03 < APCL_04 < APCL_05
B17: APCL_05 | D17: =D11+D12 -> 0.105 | F17: 0 ≤ APCL_01 < APCL_02 < APCL_03 < APCL_04 < APCL_05
B18: APCL_06 | D18: -1000
B19: FAILSAFE CONSUMPTION ACTIVE POWER LIMIT [Watt] | F19: CONSTRAINTS
B20: PFCAPL | F20: 0 ≤ PFCAPL
B21: FCAPLmin | D21: 0 | F21: 0 ≤ FCAPL_min < FCAPL_max
B22: FCAPLmax | D22: 0.1 | F22: 0 ≤ FCAPL_min < FCAPL_max
C23: delta | D23: =0.05*(D22-D21) -> 0.005
B24: FCAPL_01 | D24: =IF((D21-D23)>0,D21-D23,0) -> 0 | F24: 0 ≤ FCAPL_01 < FCAPL_02 < FCAPL_03 < FCAPL_04 < FCAPL_05
B25: FCAPL_02 | D25: =D21+D23 -> 0.005 | F25: 0 ≤ FCAPL_01 < FCAPL_02 < FCAPL_03 < FCAPL_04 < FCAPL_05
B26: FCAPL_03 | F26: 0 ≤ FCAPL_01 < FCAPL_02 < FCAPL_03 < FCAPL_04 < FCAPL_05
B27: FCAPL_04 | D27: =D22-D23 -> 0.095 | F27: 0 ≤ FCAPL_01 < FCAPL_02 < FCAPL_03 < FCAPL_04 < FCAPL_05
B28: FCAPL_05 | D28: =D22+D23 -> 0.105 | F28: 0 ≤ FCAPL_01 < FCAPL_02 < FCAPL_03 < FCAPL_04 < FCAPL_05
B29: FCAPL_06 | D29: -1000
B30: FAILSAFE DURATION MINIMUM [h[m[s]]] | F30: CONSTRAINTS
B31: MFSDM | F31: 2h ≤ PFSDM < MFSDM
B32: PFSDM | F32: 2h ≤ PFSDM < MFSDM
B33: FCAPL_DUR_01 | D33: 1h54m
B34: FCAPL_DUR_02 | F34: PFSDM < FCAPL_DUR_02 < MFSDM
B35: FCAPL_DUR_03 | D35: =1.05*D31 -> 0 | F35: 1.05 * MFSDM
B36: POWER CONSUMPTION NOMINAL MAX [Watt] | F36: CONSTRAINTS
B37: Value | F37: 0 < Power Consumption Nominal Max
B38: CONTRACTUAL CONSUMPTION NOMINAL MAX [Watt] | F38: CONSTRAINTS
B39: Value | F39: 0 < Contractual Consumption Nominal Max
B41: STC ID | C41: TEST DATE | D41: APCL USED IN TEST STEP | E41: ACTIVE POWER CONSUMPTION LIMIT - APCL [Watt] | G41: MESSAGE COMBINATIONS | H41: ACTIVE POWER CONSUMPTION LIMIT DURATION [seconds] | J41: FCAPL USED IN TEST STEP | K41: FAILSAFE CONSUMPTION ACTIVE POWER LIMIT - FCAPL [Watt] | M41: FAILSAFE DURATION MINIMUM USED IN TEST STEP | N41: FAILSAFE DURATION MINIMUM [h[m[s]]] | P41: POWER CONSUMPTION NOMINAL MAX [Watt] | Q41: CONTRACTUAL CONSUMPTION NOMINAL MAX [Watt] | R41: STARTUP DURATION [seconds] | S41: TEST VERDICT | T41: COMMENTS / NOTES / ADDITIONS
B42: ATC_COM_PT_EGHeartbeat_001
B43: 1
B44: ATC_COM_PT_EGConnection_001
B45: 1
B46: ATC_COM_PT_EGConnection_002
B47: 1
B48: ATC_COM_PT_EGConnection_003
B49: 1 | R49: =IF(D6="","",D6)
B50: ATC_COM_PT_EGMessages_001
B51: 1 | D51: 1 | E51: =IF(B14="","",B14) -> APCL_02 | F51: =IF(D14="","",D14) -> 0.005 | G51: MSG_14
B52: 2 | D52: 1 | E52: =IF(B15="","",B15) -> APCL_03 | F52: =IF(D15="","",D15) | G52: MSG_14
B53: 3 | D53: 1 | E53: =IF(B16="","",B16) -> APCL_04 | F53: =IF(D16="","",D16) -> 0.095 | G53: MSG_14
B54: ATC_COM_PT_EGMessages_002
B55: 1.1 | D55: 3 | E55: =IF(B14="","",B14) -> APCL_02 | F55: =IF(D14="","",D14) -> 0.005 | G55: MSG_14
B56: 1.2 | D56: 4 | E56: =IF(B14="","",B14) -> APCL_02 | F56: =IF(D14="","",D14) -> 0.005 | G56: MSG_14
B57: 2.1 | D57: 3 | E57: =IF(B15="","",B15) -> APCL_03 | F57: =IF(D15="","",D15) | G57: MSG_14
B58: 2.2 | D58: 4 | E58: =IF(B15="","",B15) -> APCL_03 | F58: =IF(D15="","",D15) | G58: MSG_14
B59: 3.1 | D59: 3 | E59: =IF(B16="","",B16) -> APCL_04 | F59: =IF(D16="","",D16) -> 0.095 | G59: MSG_14
B60: 3.2 | D60: 4 | E60: =IF(B16="","",B16) -> APCL_04 | F60: =IF(D16="","",D16) -> 0.095 | G60: MSG_14
B61: ATC_COM_PT_EGMessages_003
B62: 1
B63: ATC_COM_PT_EGMessages_004
B64: 1
B65: ATC_COM_PT_CSHeartbeat_001
B66: 1
B67: ATC_COM_NT_CSConnection_001
B68: 1.1 | D68: 2 | E68: =IF(B15="","",B15) -> APCL_03 | F68: =IF(D15="","",D15) | G68: MSG_16
B69: 1.2 | D69: 4 | E69: =IF(B15="","",B15) -> APCL_03 | F69: =IF(D15="","",D15) | G69: MSG_16
B70: ATC_COM_PT_CSConnection_002
B71: 1.1 | J71: 3 | K71: =IF(B26="","",B26) -> FCAPL_03 | L71: =IF(D26="","",D26)
B72: 1.2 | D72: 4 | E72: =IF(B15="","",B15) -> APCL_03 | F72: =IF(D15="","",D15) | G72: MSG_16 | J72: 5 | K72: =IF(B26="","",B26) -> FCAPL_03 | L72: =IF(D26="","",D26)
B73: ATC_COM_PT_CSConnection_003
B74: 1.1 | D74: 3 | E74: =IF(B18="","",B18) -> APCL_06 | F74: =IF(D18="","",D18) -> -1000 | J74: 4 | K74: =IF(B29="","",B29) -> FCAPL_06 | L74: =IF(D29="","",D29) -> -1000
B75: 1.2 | J75: 5 | K75: =IF(B26="","",B26) -> FCAPL_03 | L75: =IF(D26="","",D26)
B76: ATC_COM_PT_CSConnection_004
B77: 1 | D77: 4 | E77: =IF(B15="","",B15) -> APCL_03 | F77: =IF(D15="","",D15) | G77: MSG_16 | M77: 3 | N77: =IF(B34="","",B34) -> FCAPL_DUR_02 | O77: =IF(D34="","",D34)
B78: ATC_COM_PT_CSConnection_005
B79: 1 | D79: 3 | E79: =IF(B15="","",B15) -> APCL_03 | F79: =IF(D15="","",D15) | G79: MSG_16 | M79: 4 | N79: =IF(B35="","",B35) -> FCAPL_DUR_03 | O79: =IF(D35="","",D35) -> 0
B80: ATC_COM_PT_CSConnection_006
B81: 1 | D81: 3 | E81: =IF(B17="","",B17) -> APCL_05 | F81: =IF(D17="","",D17) -> 0.105 | G81: MSG_14 | H81: APCL_DUR_02 | I81: delete
B82: ATC_COM_PT_CSConnection_007
B83: 1.1 | D83: 3 | E83: =IF(B15="","",B15) -> APCL_03 | F83: =IF(D15="","",D15) | G83: MSG_16
B84: 1.2 | D84: 4 | E84: =IF(B13="","",B13) -> APCL_01 | F84: =IF(D13="","",D13) -> 0 | G84: MSG_14
B85: 2.1 | D85: 3 | E85: =IF(B15="","",B15) -> APCL_03 | F85: =IF(D15="","",D15) | G85: MSG_16
B86: 2.2 | D86: 4 | E86: =IF(B14="","",B14) -> APCL_02 | F86: =IF(D14="","",D14) -> 0.005 | G86: MSG_14
B87: 3.1 | D87: 3 | E87: =IF(B15="","",B15) -> APCL_03 | F87: =IF(D15="","",D15) | G87: MSG_16
B88: 3.2 | D88: 4 | E88: =IF(B15="","",B15) -> APCL_03 | F88: =IF(D15="","",D15) | G88: MSG_14
B89: 4.1 | D89: 3 | E89: =IF(B15="","",B15) -> APCL_03 | F89: =IF(D15="","",D15) | G89: MSG_16
B90: 4.2 | D90: 4 | E90: =IF(B16="","",B16) -> APCL_04 | F90: =IF(D16="","",D16) -> 0.095 | G90: MSG_14
B91: 5.1 | D91: 3 | E91: =IF(B15="","",B15) -> APCL_03 | F91: =IF(D15="","",D15) | G91: MSG_16
B92: 5.2 | D92: 4 | E92: =IF(B17="","",B17) -> APCL_05 | F92: =IF(D17="","",D17) -> 0.105 | G92: MSG_14
B93: ATC_COM_PT_CSConnection_008
B94: 1 | J94: 1 | K94: =IF(B24="","",B24) -> FCAPL_01 | L94: =IF(D24="","",D24) -> 0 | M94: 2 | N94: =IF(B34="","",B34) -> FCAPL_DUR_02 | O94: =IF(D34="","",D34)
B95: 2 | J95: 1 | K95: =IF(B25="","",B25) -> FCAPL_02 | L95: =IF(D25="","",D25) -> 0.005 | M95: 2 | N95: =IF(B34="","",B34) -> FCAPL_DUR_02 | O95: =IF(D34="","",D34)
B96: 3 | J96: 1 | K96: =IF(B26="","",B26) -> FCAPL_03 | L96: =IF(D26="","",D26) | M96: 2 | N96: =IF(B34="","",B34) -> FCAPL_DUR_02 | O96: =IF(D34="","",D34)
B97: 4 | J97: 1 | K97: =IF(B27="","",B27) -> FCAPL_04 | L97: =IF(D27="","",D27) -> 0.095 | M97: 2 | N97: =IF(B34="","",B34) -> FCAPL_DUR_02 | O97: =IF(D34="","",D34)
B98: 5 | J98: 1 | K98: =IF(B28="","",B28) -> FCAPL_05 | L98: =IF(D28="","",D28) -> 0.105 | M98: 2 | N98: =IF(B34="","",B34) -> FCAPL_DUR_02 | O98: =IF(D34="","",D34)
B99: 6 | J99: 1 | K99: =IF(B26="","",B26) -> FCAPL_03 | L99: =IF(D26="","",D26) | M99: 2 | N99: =IF(B33="","",B33) -> FCAPL_DUR_01 | O99: =IF(D33="","",D33) -> 1h54m
B100: 7 | J100: 1 | K100: =IF(B26="","",B26) -> FCAPL_03 | L100: =IF(D26="","",D26) | M100: 2 | N100: =IF(B35="","",B35) -> FCAPL_DUR_03 | O100: =IF(D35="","",D35) -> 0
B101: ATC_COM_PT_CSConnection_009
B102: 1.1 | D102: 6 | E102: =IF(B15="","",B15) -> APCL_03 | F102: =IF(D15="","",D15) | G102: MSG_16 | R102: =IF(D7="","",D7)
B103: 1.2 | D103: 8 | E103: =IF(B15="","",B15) -> APCL_03 | F103: =IF(D15="","",D15) | G103: MSG_16
...

Sheet Optional Support
D1: PARAMETER SHEET - OPTIONAL SUPPORT
B2: Manufacturer statements on the support of optional protocol functionality.
B3: NO. | C3: SUPPORTED? [Yes/No] | D3: ACTOR | E3: FUNCTIONALITY | F3: SCENARIO | G3: MANDATORY ATC TO VERIFY STATEMENT | H3: COMMENTS
B4: A1 | D4: Energy Guard | E4: read/write APCL (value, activation flag, duration) | F4: 1 | G4: ATC_COM_PT_EGMessages_003
B5: A2 | D5: Energy Guard | E5: read/write FCAPL and Failsafe Duration Minimum | F5: 2 | G5: ATC_COM_PT_EGMessages_004
B6: A3 | D6: Energy Guard | E6: read Power Consumption Nominal Max | F6: 4 | G6: -
B7: A4 | D7: Energy Guard | E7: read Contractual Consumption Nominal Max | F7: 4 | G7: -
B8: A5 | D8: Energy Guard | E8: quick resend write APCL if previous write APCL was rejected | F8: 1 | G8: ATC_COM_PT_EGMessages_002
B9: A6 | D9: Energy Guard | E9: ongoing adjustment of CS' limit parameters | F9: 1, 2 | G9: ATC_COM_PT_EGMessages_003, ATC_COM_PT_EGMessages_004
B11: B1 | D11: Controllable System at "LPC instance 1" | E11: report of Contractual Consumption Nominal Max | F11: 4 | G11: ATC_COM_PT_CSUnlCntrl_002 | H11: Note: only works in conjunction with B2
B12: B2 | D12: Controllable System at "LPC instance 1" | E12: no report of Power Consumption Nominal Max | F12: 4 | G12: ATC_COM_PT_CSUnlCntrl_002 | H12: Note: only works in conjunction with B1
B13: B3 | D13: Controllable System at "LPC instance 1" | E13: permitted rejection of received APCL write command | F13: 1 | G13: ATC_INS1_PT_CSTransition1_001
B15: C1 | D15: Controllable System at "LPC instance 2" | E15: report of Power Consumption Nominal Max | F15: 4 | G15: ATC_COM_PT_CSUnlCntrl_003 | H15: Note: only works in conjunction with C2
B16: C2 | D16: Controllable System at "LPC instance 2" | E16: no report of Contractual Consumption Nominal Max | F16: 4 | G16: ATC_COM_PT_CSUnlCntrl_003 | H16: Note: only works in conjunction with C1
B17: C3 | D17: Controllable System at "LPC instance 2" | E17: permitted rejection of received APCL write command | F17: 1 | G17: ATC_INS2_PT_CSTransition1_001
B19: D1 | D19: Controllable System at any LPC instance | E19: auto-adjust too large received APCL | F19: 1 | G19: ATC_COM_PT_CSConnection_006
B20: D2 | D20: Controllable System at any LPC instance | E20: state "unlimited/autonomous" implemented | F20: 1, 2, 3 | G20: ATC_COM_NT_CSUnlAuto_001, ATC_COM_PT_CSTransition3_001, ATC_COM_PT_CSTransition3_002, ATC_COM_PT_CSTransition10_001, ATC_COM_PT_CSTransition10_002, ATC_COM_PT_CSTransition11_001, ATC_COM_PT_CSTransition11_002, ATC_COM_PT_CSTransition12_001
B22: E1 | D22: Energy Guard | E22: black start | F22: - | G22: ATC_COM_PT_EGConnection_003
B23: E2 | D23: Controllable System at any LPC instance | E23: black start | F23: - | G23: ATC_COM_PT_CSConnection_008
B25: Supplementary optional verifications
B26: NO. | C26: VERIFY? [Yes/No] | D26: ACTOR | E26: FUNCTIONALITY | F26: SCENARIO | G26: MANDATORY ATC TO VERIFY STATEMENT | H26: COMMENTS
B27: M1 | D27: Controllable System at "LPC instance 1" | E27: limit consumption according to Contractual Consumption Nominal Max | F27: 4 | G27: ATC_COM_NT_CSUnlAuto_002 | H27: Note: only works in conjunction with N1 and requires B1
B29: N1 | D29: Controllable System at "LPC instance 2" | E29: limit consumption according to Power Consumption Nominal Max | F29: 4 | G29: ATC_COM_NT_CSUnlAuto_002 | H29: Note: only works in conjunction with M1 and requires C1
B31: Legend
B32: read "X" | D32: Get value of "X" of the other actor.
B33: write "X" | D33: Set new/changed value of "X" of the other actor or delete "X".
B34: report "X" | D34: The actor owning "X" sends the value of "X" to the other actor.

Sheet Comments
D1: PARAMETER SHEET - COMMENTS
B2: TEST NO. | C2: TEST DATE | D2: GENERAL QUESTIONS / COMMENTS

Sheet Legend
D1: PARAMETER SHEET - LEGEND
B2: Revisions
B3: Version | D3: Date/Editor
B4: V1.0.0 | D4: 2024-06-10 - SH
B6: Specific Test Cases
D7: Cells with a white background need to be manually filled in with device specific information or information taken from the test specification.
D8: Greyed-out cells are filled in automatically.
B9: Formatting rules
D10: The cell background in which the values for APCLmax and FCAPLmax are entered turns red for visual support when entering wrong values or values in a wrong range. In addition, the cell of the calculated delta is coloured red in this case.
C11: Test verdict | D11: According to the chosen test verdict its background is colorized. [PASSED/FAILED/NOT APPLICABLE]
D12: Passed
D13: Failed
D14: Not applicable
B16: Optional Support
B17: Supported/Verify? [Yes/No] | D17: Use the drop-down menu to select whether the corresponding ATCs are also to be tested. These ATCs are then to be tested with defined data as STCs. [YES/NO]
