Workbook
Name _ITEM1: Comments!#REF!
Name _ITEM1: 'Specific Test Cases'!#REF!
Name _ITEM2: Comments!#REF!
Name _ITEM2: 'Specific Test Cases'!#REF!
Name _ITEM3: Comments!#REF!
Name _ITEM3: 'Specific Test Cases'!#REF!
Name _ITEM4: Comments!#REF!
Name _ITEM4: 'Specific Test Cases'!#REF!
Name _ITEM5: Comments!#REF!
Name _ITEM5: 'Specific Test Cases'!#REF!
Name _ITEM6: Comments!#REF!
Name _ITEM6: 'Specific Test Cases'!#REF!
Name Type: '[1]Maintenance Work Order'!#REF!

Sheet Report
D1: PARAMETER SHEET - REPORT
B2: MANUFACTURER NAME
B4: MODEL
B6: DEVICE TYPE
B8: USE CASE
B9: MPC 1.0.0
B10: ACTOR
B12: NAME OF TESTER(S)
B15: Overall Status
B16: Number of ATCs | E16: {=SUMPRODUCT(--ISNUMBER(SEARCH("ATC_",'Specific Test Cases'!B58:B255)))} -> 54
C17: Number of ATCs for the MU | E17: {=SUMPRODUCT(ISNUMBER(SEARCH("ATC_", 'Specific Test Cases'!B58:B255)) * ISNUMBER(SEARCH("MU", 'Specific Test Cases'!B58:B255)))} -> 20
C18: Number of ATCs for the MA | E18: {=SUMPRODUCT(ISNUMBER(SEARCH("ATC_", 'Specific Test Cases'!B58:B255)) * ISNUMBER(SEARCH("MA", 'Specific Test Cases'!B58:B255)))} -> 34
B19: Number of STCs | E19: {=SUMPRODUCT(--ISNUMBER(VALUE('Specific Test Cases'!B58:B255)))} -> 144
C20: Number of STCs for the MU | E20: {=SUMPRODUCT(--ISNUMBER(VALUE('Specific Test Cases'!B58:B127)))} -> 50
C21: Number of STCs for the MA | E21: {=SUMPRODUCT(--ISNUMBER(VALUE('Specific Test Cases'!B128:B255)))} -> 94
B22: Test cycle duration | E22: =TEXT(MAX('Specific Test Cases'!C58:C255)-MIN('Specific Test Cases'!C58:C255),"0") & " Tage" -> 0 Tage
B24: Execution Status
B25: Number of STCs executed | E25: {=SUMPRODUCT((('Specific Test Cases'!K58:K255="Passed")+('Specific Test Cases'!K58:K255="Failed"))*1)} -> 0
C26: Number of passed STCs | E26: =COUNTIF('Specific Test Cases'!K58:K255,"Passed") -> 0
B27: Passed percentace | E27: =IF(OR(E26=0,E25=0),0,E26/E25) -> 0
C28: Number of failed STCs | E28: =COUNTIF('Specific Test Cases'!K58:K255,"Failed") -> 0
B29: Failed percentage | E29: =IF(OR(E28=0,E25=0),0,E28/E25) -> 0
C30: Number of not applicable STCs | E30: =COUNTIF('Specific Test Cases'!K58:K255,"Not applicable") -> 0
B31: Not applicable percentace | E31: =IF(OR(E30=0,E19=0),0,E30/E19) -> 0
B33: Approval
B34: Approved by
B35: Date
B36: Signature

Sheet Specific Test Cases
D1: PARAMETER SHEET - SPECIFIC TEST CASES
B2: TECHNOLOGY | D2: e.g. SPINE
B4: DATA TRANSMISSION
D5: Usage | E5: Interval [seconds]
B6: Polling
B7: Notification
B9: CONNECTED PHASES
B10: Phase A
B11: Phase B
B12: Phase C
B14: SUPPORTED DATA POINTS
B15: Total Active Power
B16: Phase-Specific Active Power
B17: Total Consumed Energy
B18: Total Produced Energy
B19: Phase-Specific AC Current
... B21: AC Frequency
D23: ENERGY DIRECTION | E23: RANGES OF THE DUT
B24: TOTAL ACTIVE POWER [Watt] | E24: MIN | F24: MAX
B25: Power total | D25: consume
D26: produce
B27: PHASE-SPECIFIC ACTIVE POWER [Watt] | E27: MIN | F27: MAX
B28: Phase A | D28: consume
D29: produce
B30: Phase B | D30: consume
D31: produce
B32: Phase C | D32: consume
D33: produce
B34: TOTAL CONSUMED ENERGY [Watt] | E34: MIN | F34: MAX
B35: Total consumed energy | D35: consume
D36: produce | E36: =IF(E39="","",E39) | F36: =IF(F39="","",F39)
B37: TOTAL PRODUCED ENERGY [Watt] | E37: MIN | F37: MAX
B38: Total produced energy | D38: consume | E38: =IF(E35="","",E35) | F38: =IF(F35="","",F35)
D39: produce
B40: PHASE-SPECIFIC AC CURRENT [Ampere] | E40: MIN | F40: MAX
B41: Phase A | D41: consume
D42: produce
B43: Phase B | D43: consume
D44: produce
B45: Phase C | D45: consume
D46: produce
B47: PHASE-SPECIFIC AC VOLTAGE [Volt] | E47: MIN | F47: MAX
B48: Phase A / neutral | D48: any
B49: Phase B / neutral | D49: any
B50: Phase C / neutral | D50: any
B51: Phase A / Phase B | D51: any
B52: Phase B / Phase C | D52: any
B53: Phase C / Phase A | D53: any
B54: AC FREQUENCY [Hertz] | E54: MIN | F54: MAX
B55: Frequency | D55: any
B57: STC ID | C57: TEST DATE | D57: VALUE USED IN TEST STEP | E57: MONITORING VALUE STATE | F57: DATA POINT VALUE | H57: ENERGY DIRECTIONS | I57: DATA TRANSMISSION | J57: POLLING INTERVAL [seconds] | K57: TEST VERDICT | L57: COMMENTS / NOTES / ADDITIONS
B58: ATC_COM_PT_MUPolling_001
B59: 1 | D59: 1 | E59: MonitoringState_01 | I59: =IF(AND(EXACT(D6,"Yes"),ISTEXT(D6)),B6,"") | J59: =IF(AND(EXACT(D6,"Yes"),ISTEXT(D6)),E6,"")
B60: ATC_COM_PT_MUNotification_001
B61: 1 | D61: 1 | E61: MonitoringState_01 | I61: =IF(AND(EXACT(D7,"Yes"),ISTEXT(D7)),B7,"")
B62: ATC_SCE1_PT_MUTotalActivePower_001
B63: 1.1 | D63: 1 | E63: MonitoringState_01 | F63: =IF(B25="","",B25) -> Power total | H63: =IF(D25="","",D25) -> consume | I63: =IF(AND(EXACT(D6,"Yes"),ISTEXT(D6)),B6,"") | J63: =IF(AND(EXACT(D6,"Yes"),ISTEXT(D6)),E6,"")
B64: 1.2 | D64: 2 | E64: MonitoringState_01 | F64: =IF(B25="","",B25) -> Power total | H64: =IF(D25="","",D25) -> consume | I64: =IF(AND(EXACT(D7,"Yes"),ISTEXT(D7)),B7,"")
B65: 2.1 | D65: 1 | E65: MonitoringState_01 | F65: =IF(B25="","",B25) -> Power total | H65: =IF(D26="","",D26) -> produce | I65: =IF(AND(EXACT(D6,"Yes"),ISTEXT(D6)),B6,"") | J65: =IF(AND(EXACT(D6,"Yes"),ISTEXT(D6)),E6,"")
B66: 2.2 | D66: 2 | E66: MonitoringState_01 | F66: =IF(B25="","",B25) -> Power total | H66: =IF(D26="","",D26) -> produce | I66: =IF(AND(EXACT(D7,"Yes"),ISTEXT(D7)),B7,"")
B67: ATC_SCE1_PT_MUPhaseActivePower_001
B68: 1.1 | D68: 1 | E68: MonitoringState_01 | F68: =IF(B28="","",B28) -> Phase A | H68: =IF(D28="","",D28) -> consume | I68: =IF(AND(EXACT(D6,"Yes"),ISTEXT(D6)),B6,"") | J68: =IF(AND(EXACT(D6,"Yes"),ISTEXT(D6)),E6,"")
B69: 1.2 | D69: 2 | E69: MonitoringState_01 | F69: =IF(B28="","",B28) -> Phase A | H69: =IF(D28="","",D28) -> consume | I69: =IF(AND(EXACT(D7,"Yes"),ISTEXT(D7)),B7,"")
B70: 2.1 | D70: 1 | E70: MonitoringState_01 | F70: =IF(B28="","",B28) -> Phase A | H70: =IF(D29="","",D29) -> produce | I70: =IF(AND(EXACT(D6,"Yes"),ISTEXT(D6)),B6,"") | J70: =IF(AND(EXACT(D6,"Yes"),ISTEXT(D6)),E6,"")
B71: 2.2 | D71: 2 | E71: MonitoringState_01 | F71: =IF(B28="","",B28) -> Phase A | H71: =IF(D29="","",D29) -> produce | I71: =IF(AND(EXACT(D7,"Yes"),ISTEXT(D7)),B7,"")
B72: ATC_SCE1_PT_MUPhaseActivePower_002
B73: 1.1 | D73: 1 | E73: MonitoringState_01 | F73: =IF(B30="","",B30) -> Phase B | H73: =IF(D30="","",D30) -> consume | I73: =IF(AND(EXACT(D6,"Yes"),ISTEXT(D6)),B6,"") | J73: =IF(AND(EXACT(D6,"Yes"),ISTEXT(D6)),E6,"")
B74: 1.2 | D74: 2 | E74: MonitoringState_01 | F74: =IF(B30="","",B30) -> Phase B | H74: =IF(D30="","",D30) -> consume | I74: =IF(AND(EXACT(D7,"Yes"),ISTEXT(D7)),B7,"")
B75: 2.1 | D75: 1 | E75: MonitoringState_01 | F75: =IF(B30="","",B30) -> Phase B | H75: =IF(D31="","",D31) -> produce | I75: =IF(AND(EXACT(D6,"Yes"),ISTEXT(D6)),B6,"") | J75: =IF(AND(EXACT(D6,"Yes"),ISTEXT(D6)),E6,"")
B76: 2.2 | D76: 2 | E76: MonitoringState_01 | F76: =IF(B30="","",B30) -> Phase B | H76: =IF(D31="","",D31) -> produce | I76: =IF(AND(EXACT(D7,"Yes"),ISTEXT(D7)),B7,"")
B77: ATC_SCE1_PT_MUPhaseActivePower_003
B78: 1.1 | D78: 1 | E78: MonitoringState_01 | F78: =IF(B32="","",B32) -> Phase C | H78: =IF(D32="","",D32) -> consume | I78: =IF(AND(EXACT(D6,"Yes"),ISTEXT(D6)),B6,"") | J78: =IF(AND(EXACT(D6,"Yes"),ISTEXT(D6)),E6,"")
B79: 1.2 | D79: 2 | E79: MonitoringState_01 | F79: =IF(B32="","",B32) -> Phase C | H79: =IF(D32="","",D32) -> consume | I79: =IF(AND(EXACT(D7,"Yes"),ISTEXT(D7)),B7,"")
B80: 2.1 | D80: 1 | E80: MonitoringState_01 | F80: =IF(B32="","",B32) -> Phase C | H80: =IF(D33="","",D33) -> produce | I80: =IF(AND(EXACT(D6,"Yes"),ISTEXT(D6)),B6,"") | J80: =IF(AND(EXACT(D6,"Yes"),ISTEXT(D6)),E6,"")
B81: 2.2 | D81: 2 | E81: MonitoringState_01 | F81: =IF(B32="","",B32) -> Phase C | H81: =IF(D33="","",D33) -> produce | I81: =IF(AND(EXACT(D7,"Yes"),ISTEXT(D7)),B7,"")
B82: ATC_SCE2_PT_MUTotalConsumedEnergy_001
B83: 1.1 | D83: 1 | E83: MonitoringState_01 | F83: =IF(B35="","",B35) -> Total consumed energy | H83: =IF(D35="","",D35) -> consume | I83: =IF(AND(EXACT(D6,"Yes"),ISTEXT(D6)),B6,"") | J83: =IF(AND(EXACT(D6,"Yes"),ISTEXT(D6)),E6,"")
B84: 1.2 | D84: 2 | E84: MonitoringState_01 | F84: =IF(B35="","",B35) -> Total consumed energy | H84: =IF(D35="","",D35) -> consume | I84: =IF(AND(EXACT(D7,"Yes"),ISTEXT(D7)),B7,"")
B85: ATC_SCE2_PT_MUTotalConsumedEnergy_002
B86: 1 | D86: 1 | E86: MonitoringState_01 | F86: =IF(B35="","",B35) -> Total consumed energy | H86: =IF(D36="","",D36) -> produce | I86: =IF(AND(EXACT(D6,"Yes"),ISTEXT(D6)),B6,"") | J86: =IF(AND(EXACT(D6,"Yes"),ISTEXT(D6)),E6,"")
B87: ATC_SCE2_PT_MUTotalProducedEnergy_001
B88: 1 | D88: 1 | E88: MonitoringState_01 | F88: =IF(B38="","",B38) -> Total produced energy | H88: =IF(D38="","",D38) -> consume | I88: =IF(AND(EXACT(D6,"Yes"),ISTEXT(D6)),B6,"") | J88: =IF(AND(EXACT(D6,"Yes"),ISTEXT(D6)),E6,"")
B89: ATC_SCE2_PT_MUTotalProducedEnergy_002
B90: 1.1 | D90: 1 | E90: MonitoringState_01 | F90: =IF(B38="","",B38) -> Total produced energy | H90: =IF(D39="","",D39) -> produce | I90: =IF(AND(EXACT(D6,"Yes"),ISTEXT(D6)),B6,"") | J90: =IF(AND(EXACT(D6,"Yes"),ISTEXT(D6)),E6,"")
B91: 1.2 | D91: 2 | E91: MonitoringState_01 | F91: =IF(B38="","",B38) -> Total produced energy | H91: =IF(D39="","",D39) -> produce | I91: =IF(AND(EXACT(D7,"Yes"),ISTEXT(D7)),B7,"")
B92: ATC_SCE3_PT_MUActiveACCurrent_001
B93: 1.1 | D93: 1 | E93: MonitoringState_01 | F93: =IF(B41="","",B41) -> Phase A | H93: =IF(D41="","",D41) -> consume | I93: =IF(AND(EXACT(D6,"Yes"),ISTEXT(D6)),B6,"") | J93: =IF(AND(EXACT(D6,"Yes"),ISTEXT(D6)),E6,"")
B94: 1.2 | D94: 2 | E94: MonitoringState_01 | F94: =IF(B41="","",B41) -> Phase A | H94: =IF(D41="","",D41) -> consume | I94: =IF(AND(EXACT(D7,"Yes"),ISTEXT(D7)),B7,"")
B95: 2.1 | D95: 1 | E95: MonitoringState_01 | F95: =IF(B41="","",B41) -> Phase A | H95: =IF(D42="","",D42) -> produce | I95: =IF(AND(EXACT(D6,"Yes"),ISTEXT(D6)),B6,"") | J95: =IF(AND(EXACT(D6,"Yes"),ISTEXT(D6)),E6,"")
B96: 2.2 | D96: 2 | E96: MonitoringState_01 | F96: =IF(B41="","",B41) -> Phase A | H96: =IF(D42="","",D42) -> produce | I96: =IF(AND(EXACT(D7,"Yes"),ISTEXT(D7)),B7,"")
B97: ATC_SCE3_PT_MUActiveACCurrent_002
B98: 1.1 | D98: 1 | E98: MonitoringState_01 | F98: =IF(B43="","",B43) -> Phase B | H98: =IF(D43="","",D43) -> consume | I98: =IF(AND(EXACT(D6,"Yes"),ISTEXT(D6)),B6,"") | J98: =IF(AND(EXACT(D6,"Yes"),ISTEXT(D6)),E6,"")
B99: 1.2 | D99: 2 | E99: MonitoringState_01 | F99: =IF(B43="","",B43) -> Phase B | H99: =IF(D43="","",D43) -> consume | I99: =IF(AND(EXACT(D7,"Yes"),ISTEXT(D7)),B7,"")
B100: 2.1 | D100: 1 | E100: MonitoringState_01 | F100: =IF(B43="","",B43) -> Phase B | H100: =IF(D44="","",D44) -> produce | I100: =IF(AND(EXACT(D6,"Yes"),ISTEXT(D6)),B6,"") | J100: =IF(AND(EXACT(D6,"Yes"),ISTEXT(D6)),E6,"")
B101: 2.2 | D101: 2 | E101: MonitoringState_01 | F101: =IF(B43="","",B43) -> Phase B | H101: =IF(D44="","",D44) -> produce | I101: =IF(AND(EXACT(D7,"Yes"),ISTEXT(D7)),B7,"")
B102: ATC_SCE3_PT_MUActiveACCurrent_003
B103: 1.1 | D103: 1 | E103: MonitoringState_01 | F103: =IF(B45="","",B45) -> Phase C | H103: =IF(D45="","",D45) -> consume | I103: =IF(AND(EXACT(D6,"Yes"),ISTEXT(D6)),B6,"") | J103: =IF(AND(EXACT(D6,"Yes"),ISTEXT(D6)),E6,"")
B104: 1.2 | D104: 2 | E104: MonitoringState_01 | F104: =IF(B45="","",B45) -> Phase C | H104: =IF(D45="","",D45) -> consume | I104: =IF(AND(EXACT(D7,"Yes"),ISTEXT(D7)),B7,"")
B105: 2.1 | D105: 1 | E105: MonitoringState_01 | F105: =IF(B45="","",B45) -> Phase C | H105: =IF(D46="","",D46) -> produce | I105: =IF(AND(EXACT(D6,"Yes"),ISTEXT(D6)),B6,"") | J105: =IF(AND(EXACT(D6,"Yes"),ISTEXT(D6)),E6,"")
B106: 2.2 | D106: 2 | E106: MonitoringState_01 | F106: =IF(B45="","",B45) -> Phase C | H106: =IF(D46="","",D46) -> produce | I106: =IF(AND(EXACT(D7,"Yes"),ISTEXT(D7)),B7,"")
...

Sheet Comments
D1: PARAMETER SHEET - COMMENTS
B2: TEST NO. | C2: TEST DATE | D2: GENERAL QUESTIONS / COMMENTS

Sheet Legend
D1: PARAMETER SHEET - LEGEND
B2: Revisions
B3: Version | D3: Date/Editor
B4: V1.0.0 | D4: 2024-04-30 - SH
B6: Specific Test Cases
D7: Cells with a white background need to be manually filled in with device specific information or information taken from the test specification.
D8: Greyed-out cells are filled in automatically.
B9: Data transmission | D9: Use the drop-down menu to select whether the DUT uses polling or notification. [YES/NO]
B10: Supported data points | D10: Use the drop-down menu to select which data point is supported by the DUT. [YES/NO]
B11: Data point values | D11: The corresponding data point values shall be filled in as follows: MU as DUT: The value received by the tester. (Optional: Compare the read value with the MU display.) MA as DUT: The received value of the MA. (Mandatory: Compare the read value with the tester display.)
B12: any | D12: Don't care
B13: Formatting rules
C14: Test verdict | D14: According to the chosen test verdict its background is colorized. [PASSED/FAILED/NOT APPLICABLE]
D15: Passed
D16: Failed
D17: Not applicable
